	precision	recall	f1-score	support
0	0.7985074626865671	0.8492063492063492	0.823076923076923	126.0
1	0.7432432432432432	0.6707317073170732	0.7051282051282052	82.0
accuracy	0.7788461538461539	0.7788461538461539	0.7788461538461539	0.7788461538461539
macro avg	0.7708753529649052	0.7599690282617112	0.764102564102564	208.0
weighted avg	0.7767206069444875	0.7788461538461539	0.7765779092702169	208.0
