	0	1	accuracy	macro avg	weighted avg
precision	0.9523809523809523	0.6754385964912281	0.7740112994350282	0.8139097744360901	0.8272092661031109
recall	0.6185567010309279	0.9625	0.7740112994350282	0.7905283505154639	0.7740112994350282
f1-score	0.75	0.7938144329896907	0.7740112994350282	0.7719072164948453	0.7698031335546625
support	97.0	80.0	0.7740112994350282	177.0	177.0
