	precision	recall	f1-score	support
0	0.9194630872483222	0.8726114649681529	0.8954248366013071	157.0
1	0.696969696969697	0.7931034482758621	0.7419354838709677	58.0
accuracy	0.8511627906976744	0.8511627906976744	0.8511627906976744	0.8511627906976744
macro avg	0.8082163921090095	0.8328574566220075	0.8186801602361374	215.0
weighted avg	0.8594416145219954	0.8511627906976744	0.8540184065624249	215.0
