	precision	recall	f1-score	support
0	0.89171974522293	0.89171974522293	0.89171974522293	157.0
1	0.7068965517241379	0.7068965517241379	0.7068965517241379	58.0
accuracy	0.8418604651162791	0.8418604651162791	0.8418604651162791	0.8418604651162791
macro avg	0.7993081484735339	0.7993081484735339	0.7993081484735339	215.0
weighted avg	0.8418604651162791	0.8418604651162791	0.8418604651162791	215.0
