	0	1	accuracy	macro avg	weighted avg
precision	0.8369565217391305	0.7647058823529411	0.8022598870056498	0.8008312020460358	0.8043008655193838
recall	0.7938144329896907	0.8125	0.8022598870056498	0.8031572164948453	0.8022598870056498
f1-score	0.8148148148148148	0.787878787878788	0.8022598870056498	0.8013468013468014	0.8026403393635032
support	97.0	80.0	0.8022598870056498	177.0	177.0
