	0	1	accuracy	macro avg	weighted avg
precision	0.7864077669902912	0.7837837837837838	0.7853107344632768	0.7850957753870376	0.7852217858800054
recall	0.8350515463917526	0.725	0.7853107344632768	0.7800257731958763	0.7853107344632768
f1-score	0.8099999999999999	0.7532467532467533	0.7853107344632768	0.7816233766233767	0.7843488150267811
support	97.0	80.0	0.7853107344632768	177.0	177.0
