	precision	recall	f1-score	support
0	0.8823529411764706	0.7142857142857143	0.7894736842105262	126.0
1	0.660377358490566	0.8536585365853658	0.7446808510638298	82.0
accuracy	0.7692307692307693	0.7692307692307693	0.7692307692307693	0.7692307692307693
macro avg	0.7713651498335183	0.7839721254355401	0.767077267637178	208.0
weighted avg	0.7948433364637583	0.7692307692307693	0.7718149711430786	208.0
