	precision	recall	f1-score	support
0	0.95	0.8471337579617835	0.8956228956228957	157.0
1	0.68	0.8793103448275862	0.7669172932330827	58.0
accuracy	0.8558139534883721	0.8558139534883721	0.8558139534883721	0.8558139534883721
macro avg	0.815	0.8632220513946849	0.8312700944279892	215.0
weighted avg	0.8771627906976744	0.8558139534883721	0.8609023145130856	215.0
