	precision	recall	f1-score	support
0	0.8888888888888888	0.8662420382165605	0.8774193548387097	157.0
1	0.6612903225806451	0.7068965517241379	0.6833333333333333	58.0
accuracy	0.8232558139534883	0.8232558139534883	0.8232558139534883	0.8232558139534883
macro avg	0.7750896057347669	0.7865692949703492	0.7803763440860215	215.0
weighted avg	0.8274902058848044	0.8232558139534883	0.8250612653163291	215.0
