	0	1	accuracy	macro avg	weighted avg
precision	0.9104477611940298	0.6727272727272727	0.7627118644067796	0.7915875169606512	0.8030034726214842
recall	0.6288659793814433	0.925	0.7627118644067796	0.7769329896907217	0.7627118644067796
f1-score	0.7439024390243902	0.7789473684210527	0.7627118644067796	0.7614249037227214	0.7597419551358761
support	97.0	80.0	0.7627118644067796	177.0	177.0
