	precision	recall	f1-score	support
0	0.8614457831325302	0.910828025477707	0.8854489164086687	157.0
1	0.7142857142857143	0.603448275862069	0.6542056074766354	58.0
accuracy	0.827906976744186	0.827906976744186	0.827906976744186	0.827906976744186
macro avg	0.7878657487091223	0.757138150669888	0.769827261942652	215.0
weighted avg	0.8217467878157148	0.827906976744186	0.8230670005107248	215.0
