	precision	recall	f1-score	support
0	0.8125	0.8253968253968254	0.8188976377952756	126.0
1	0.725	0.7073170731707317	0.7160493827160495	82.0
accuracy	0.7788461538461539	0.7788461538461539	0.7788461538461539	0.7788461538461539
macro avg	0.76875	0.7663569492837785	0.7674735102556625	208.0
weighted avg	0.7780048076923076	0.7788461538461539	0.7783516910813499	208.0
