	precision	recall	f1-score	support
0	0.8818181818181818	0.7698412698412699	0.8220338983050849	126.0
1	0.7040816326530612	0.8414634146341463	0.7666666666666666	82.0
accuracy	0.7980769230769231	0.7980769230769231	0.7980769230769231	0.7980769230769231
macro avg	0.7929499072356215	0.8056523422377081	0.7943502824858757	208.0
weighted avg	0.811748965320394	0.7980769230769231	0.8002064319860931	208.0
