	0	1	accuracy	macro avg	weighted avg
precision	0.873015873015873	0.631578947368421	0.7175141242937854	0.752297410192147	0.7638918388249343
recall	0.5670103092783505	0.9	0.7175141242937854	0.7335051546391753	0.7175141242937854
f1-score	0.6875	0.7422680412371133	0.7175141242937854	0.7148840206185567	0.7122539169433281
support	97.0	80.0	0.7175141242937854	177.0	177.0
