	precision	recall	f1-score	support
0	0.8648648648648649	0.7619047619047619	0.810126582278481	126.0
1	0.6907216494845361	0.8170731707317073	0.7486033519553071	82.0
accuracy	0.7836538461538461	0.7836538461538461	0.7836538461538461	0.7836538461538461
macro avg	0.7777932571747005	0.7894889663182345	0.7793649671168941	208.0
weighted avg	0.7962122511091584	0.7836538461538461	0.7858722318626145	208.0
