	0	1	accuracy	macro avg	weighted avg
precision	0.8105263157894737	0.7560975609756098	0.7853107344632768	0.7833119383825418	0.7859257486419646
recall	0.7938144329896907	0.775	0.7853107344632768	0.7844072164948453	0.7853107344632768
f1-score	0.8020833333333334	0.7654320987654322	0.7853107344632768	0.7837577160493827	0.7855178035851293
support	97.0	80.0	0.7853107344632768	177.0	177.0
