	precision	recall	f1-score	support
0	0.8095238095238095	0.8095238095238095	0.8095238095238095	126.0
1	0.7073170731707317	0.7073170731707317	0.7073170731707317	82.0
accuracy	0.7692307692307693	0.7692307692307693	0.7692307692307693	0.7692307692307693
macro avg	0.7584204413472706	0.7584204413472706	0.7584204413472706	208.0
weighted avg	0.7692307692307693	0.7692307692307693	0.7692307692307693	208.0
