	precision	recall	f1-score	support
0	0.8370786516853933	0.9490445859872612	0.8895522388059702	157.0
1	0.7837837837837838	0.5	0.6105263157894737	58.0
accuracy	0.827906976744186	0.827906976744186	0.827906976744186	0.827906976744186
macro avg	0.8104312177345885	0.7245222929936306	0.750039277297722	215.0
weighted avg	0.8227014315072847	0.827906976744186	0.8142801293410549	215.0
