	precision	recall	f1-score	support
0	0.8429752066115702	0.8095238095238095	0.825910931174089	126.0
1	0.7241379310344828	0.7682926829268293	0.7455621301775147	82.0
accuracy	0.7932692307692307	0.7932692307692307	0.7932692307692307	0.7932692307692307
macro avg	0.7835565688230265	0.7889082462253194	0.7857365306758018	208.0
weighted avg	0.796125896047526	0.7932692307692307	0.7942349615504395	208.0
