	precision	recall	f1-score	support
0	0.838150289017341	0.9235668789808917	0.8787878787878788	157.0
1	0.7142857142857143	0.5172413793103449	0.6000000000000001	58.0
accuracy	0.813953488372093	0.813953488372093	0.813953488372093	0.813953488372093
macro avg	0.7762180016515277	0.7204041291456182	0.7393939393939395	215.0
weighted avg	0.8047356595548557	0.813953488372093	0.8035799859055673	215.0
