	precision	recall	f1-score	support
0	0.875	0.89171974522293	0.8832807570977919	157.0
1	0.6909090909090909	0.6551724137931034	0.6725663716814159	58.0
accuracy	0.827906976744186	0.827906976744186	0.827906976744186	0.827906976744186
macro avg	0.7829545454545455	0.7734460795080167	0.7779235643896039	215.0
weighted avg	0.8253382663847779	0.827906976744186	0.826436876380816	215.0
