	precision	recall	f1-score	support
0	0.90625	0.6904761904761905	0.7837837837837837	126.0
1	0.6517857142857143	0.8902439024390244	0.7525773195876289	82.0
accuracy	0.7692307692307693	0.7692307692307693	0.7692307692307693	0.7692307692307693
macro avg	0.7790178571428572	0.7903600464576075	0.7681805516857063	208.0
weighted avg	0.8059323489010988	0.7692307692307693	0.771481235398761	208.0
