	precision	recall	f1-score	support
0	0.896774193548387	0.8853503184713376	0.8910256410256411	157.0
1	0.7	0.7241379310344828	0.711864406779661	58.0
accuracy	0.8418604651162791	0.8418604651162791	0.8418604651162791	0.8418604651162791
macro avg	0.7983870967741935	0.8047441247529101	0.801445023902651	215.0
weighted avg	0.8436909227306826	0.8418604651162791	0.8426937731825396	215.0
