	precision	recall	f1-score	support
0	0.8658536585365854	0.9044585987261147	0.8847352024922118	157.0
1	0.7058823529411765	0.6206896551724138	0.6605504587155964	58.0
accuracy	0.827906976744186	0.827906976744186	0.827906976744186	0.827906976744186
macro avg	0.7858680057388809	0.7625741269492643	0.7726428306039042	215.0
weighted avg	0.8226986086550332	0.827906976744186	0.8242574576594506	215.0
