	precision	recall	f1-score	support
0	0.8270676691729323	0.873015873015873	0.8494208494208495	126.0
1	0.7866666666666666	0.7195121951219512	0.751592356687898	82.0
accuracy	0.8125	0.8125	0.8125	0.8125
macro avg	0.8068671679197994	0.7962640340689121	0.8005066030543737	208.0
weighted avg	0.8111403508771929	0.8125	0.8108538474780513	208.0
