	0	1	accuracy	macro avg	weighted avg
precision	0.8061224489795918	0.7721518987341772	0.7909604519774012	0.7891371738568845	0.7907685279647152
recall	0.8144329896907216	0.7625	0.7909604519774012	0.7884664948453608	0.7909604519774012
f1-score	0.8102564102564104	0.7672955974842767	0.7909604519774012	0.7887760038703435	0.7908390937492313
support	97.0	80.0	0.7909604519774012	177.0	177.0
