	precision	recall	f1-score	support
0	0.9178082191780822	0.8535031847133758	0.8844884488448845	157.0
1	0.6666666666666666	0.7931034482758621	0.7244094488188977	58.0
accuracy	0.8372093023255814	0.8372093023255814	0.8372093023255814	0.8372093023255814
macro avg	0.7922374429223744	0.823303316494619	0.8044489488318911	215.0
weighted avg	0.8500584050122119	0.8372093023255814	0.8413043465122927	215.0
