	precision	recall	f1-score	support
0	0.8703703703703703	0.746031746031746	0.8034188034188035	126.0
1	0.68	0.8292682926829268	0.7472527472527474	82.0
accuracy	0.7788461538461539	0.7788461538461539	0.7788461538461539	0.7788461538461539
macro avg	0.7751851851851852	0.7876500193573364	0.7753357753357755	208.0
weighted avg	0.7953205128205129	0.7788461538461539	0.7812764158918006	208.0
