	precision	recall	f1-score	support
0	0.864516129032258	0.8535031847133758	0.858974358974359	157.0
1	0.6166666666666667	0.6379310344827587	0.6271186440677966	58.0
accuracy	0.7953488372093023	0.7953488372093023	0.7953488372093023	0.7953488372093023
macro avg	0.7405913978494624	0.7457171095980673	0.7430465015210779	215.0
weighted avg	0.7976544136034008	0.7953488372093023	0.7964272358832863	215.0
