	precision	recall	f1-score	support
0	0.8083333333333333	0.7698412698412699	0.7886178861788617	126.0
1	0.6704545454545454	0.7195121951219512	0.6941176470588235	82.0
accuracy	0.75	0.75	0.75	0.75
macro avg	0.7393939393939394	0.7446767324816106	0.7413677666188426	208.0
weighted avg	0.7539772727272728	0.75	0.7513629842180775	208.0
