	0	1	accuracy	macro avg	weighted avg
precision	0.813953488372093	0.7032967032967034	0.7570621468926554	0.7586250958343982	0.7639391222363238
recall	0.7216494845360825	0.8	0.7570621468926554	0.7608247422680412	0.7570621468926554
f1-score	0.7650273224043715	0.7485380116959066	0.7570621468926554	0.7567826670501391	0.7575745266039353
support	97.0	80.0	0.7570621468926554	177.0	177.0
