	precision	recall	f1-score	support
0	0.8559322033898306	0.8015873015873016	0.8278688524590164	126.0
1	0.7222222222222222	0.7926829268292683	0.7558139534883721	82.0
accuracy	0.7980769230769231	0.7980769230769231	0.7980769230769231	0.7980769230769231
macro avg	0.7890772128060264	0.797135114208285	0.7918414029736942	208.0
weighted avg	0.8032196146602927	0.7980769230769231	0.7994625942109739	208.0
