	precision	recall	f1-score	support
0	0.8175182481751825	0.8888888888888888	0.8517110266159696	126.0
1	0.8028169014084507	0.6951219512195121	0.7450980392156863	82.0
accuracy	0.8125	0.8125	0.8125	0.8125
macro avg	0.8101675747918167	0.7920054200542005	0.798404532915828	208.0
weighted avg	0.8117225249306055	0.8125	0.8096809065831656	208.0
