	0	1	accuracy	macro avg	weighted avg
precision	0.8352941176470589	0.717391304347826	0.7740112994350282	0.7763427109974425	0.7820047105061627
recall	0.7319587628865979	0.825	0.7740112994350282	0.7784793814432989	0.7740112994350282
f1-score	0.7802197802197801	0.7674418604651162	0.7740112994350282	0.7738308203424482	0.7744444492572202
support	97.0	80.0	0.7740112994350282	177.0	177.0
