	bert-large-uncased	roberta-large
f1	0.8156921437860245	0.8054883496137804
accuracy	0.8316666666666667	0.8233333333333334
precision	[0.8083333333333333, 0.7929704476314646, 0.8427203065134099]	[0.808234845596645, 0.8058516544525871, 0.8038589317659085]
recall	[0.8151374370886566, 0.7961234350977378, 0.8458118556701031]	[0.8130081300813008, 0.8024928618493301, 0.8064432989690722]
