	precision	recall	f1-score	support
0	0.7402597402597403	0.9047619047619048	0.8142857142857143	126.0
1	0.7777777777777778	0.5121951219512195	0.6176470588235294	82.0
accuracy	0.75	0.75	0.75	0.75
macro avg	0.759018759018759	0.7084785133565621	0.7159663865546219	208.0
weighted avg	0.7550505050505051	0.75	0.736764705882353	208.0
