	precision	recall	f1-score	support
0	0.8488372093023255	0.9299363057324841	0.8875379939209725	157.0
1	0.7441860465116279	0.5517241379310345	0.6336633663366337	58.0
accuracy	0.827906976744186	0.827906976744186	0.827906976744186	0.827906976744186
macro avg	0.7965116279069767	0.7408302218317593	0.7606006801288031	215.0
weighted avg	0.8206057328285559	0.827906976744186	0.8190508850842673	215.0
