	precision	recall	f1-score	support
0	0.8502994011976048	0.9044585987261147	0.8765432098765432	157.0
1	0.6875	0.5689655172413793	0.6226415094339622	58.0
accuracy	0.813953488372093	0.813953488372093	0.813953488372093	0.813953488372093
macro avg	0.7688997005988024	0.736712057983747	0.7495923596552527	215.0
weighted avg	0.8063814232001115	0.813953488372093	0.8080487976641261	215.0
