	0	1	accuracy	macro avg	weighted avg
precision	0.8571428571428571	0.7790697674418605	0.8192090395480226	0.8181063122923589	0.8218555849616157
recall	0.8041237113402062	0.8375	0.8192090395480226	0.8208118556701032	0.8192090395480226
f1-score	0.8297872340425533	0.8072289156626506	0.8192090395480226	0.8185080748526019	0.8195913839273431
support	97.0	80.0	0.8192090395480226	177.0	177.0
