	bert-large-uncased	roberta-large
0	0.8116666666666666	0.8199999999999998
1	0.8166666666666664	0.8099999999999997
2	0.7949999999999996	0.7899999999999997
3	0.8266666666666665	0.8183333333333332
4	0.8016666666666663	0.8049999999999996
