	bert-large-uncased	roberta-large
0	0.6469047619047619	0.6561483886483885
1	0.6626617364117364	0.6471889530222863
2	0.6371372454705786	0.6421085858585858
3	0.6501388888888888	0.6540309844476511
4	0.6573554994388328	0.6359666105499439
