	0	1	accuracy	macro avg	weighted avg
precision	0.8985507246376812	0.6759259259259259	0.7627118644067796	0.7872383252818036	0.7979293466888652
recall	0.6391752577319587	0.9125	0.7627118644067796	0.7758376288659794	0.7627118644067796
f1-score	0.7469879518072289	0.7765957446808511	0.7627118644067796	0.76179184824404	0.7603700050834423
support	97.0	80.0	0.7627118644067796	177.0	177.0
