	overall_f1	dev_accuracy	fm_f1	fm_precision	fm_recall	saho_f1	saho_precision	saho_recall	sc_f1	sc_precision	sc_recall	fm_accuracy
0	0.7580424576208347		0.7695980962621828	0.7727548036758561	0.7809523809523807	0.7803338555782746	0.800508847877269	0.8162964228753701	0.7241954210220465	0.800508847877269	0.8162964228753701	0.7927631578947368
1												
2												
3												
4												
5												
6												
7												
8												
9												
