	precision	recall	f1-score	support
0	0.879746835443038	0.8853503184713376	0.8825396825396825	157.0
1	0.6842105263157895	0.6724137931034483	0.6782608695652174	58.0
accuracy	0.827906976744186	0.827906976744186	0.827906976744186	0.827906976744186
macro avg	0.7819786808794138	0.778882055787393	0.78040027605245	215.0
weighted avg	0.826997505538943	0.827906976744186	0.8274319097372685	215.0
