	0	1	accuracy	macro avg	weighted avg
precision	0.8526315789473684	0.8048780487804879	0.8305084745762712	0.8287548138639281	0.8310480624877614
recall	0.8350515463917526	0.825	0.8305084745762712	0.8300257731958762	0.8305084745762712
f1-score	0.84375	0.8148148148148149	0.8305084745762712	0.8292824074074074	0.8306719501987864
support	97.0	80.0	0.8305084745762712	177.0	177.0
