	precision	recall	f1-score	support
0	0.8627450980392157	0.6984126984126984	0.7719298245614035	126.0
1	0.6415094339622641	0.8292682926829268	0.723404255319149	82.0
accuracy	0.75	0.75	0.75	0.75
macro avg	0.7521272660007399	0.7638404955478126	0.7476670399402763	208.0
weighted avg	0.7755271920088791	0.75	0.7527995520716685	208.0
