	precision	recall	f1-score	support
0	0.8942307692307693	0.7380952380952381	0.8086956521739131	126.0
1	0.6826923076923077	0.8658536585365854	0.7634408602150536	82.0
accuracy	0.7884615384615384	0.7884615384615384	0.7884615384615384	0.7884615384615384
macro avg	0.7884615384615385	0.8019744483159117	0.7860682561944834	208.0
weighted avg	0.8108357988165681	0.7884615384615384	0.7908548207285937	208.0
