	precision	recall	f1-score	support
0	0.9424460431654677	0.8343949044585988	0.8851351351351352	157.0
1	0.6578947368421053	0.8620689655172413	0.746268656716418	58.0
accuracy	0.8418604651162791	0.8418604651162791	0.8418604651162791	0.8418604651162791
macro avg	0.8001703900037864	0.84823193498792	0.8157018959257766	215.0
weighted avg	0.8656833651805605	0.8418604651162791	0.8476734804919465	215.0
