	0	1	accuracy	macro avg	weighted avg
precision	0.9433962264150944	0.6209677419354839	0.7175141242937854	0.7821819841752891	0.7976658379497338
recall	0.5154639175257731	0.9625	0.7175141242937854	0.7389819587628865	0.7175141242937854
f1-score	0.6666666666666666	0.7549019607843137	0.7175141242937854	0.7107843137254901	0.7065470255898969
support	97.0	80.0	0.7175141242937854	177.0	177.0
