	precision	recall	f1-score	support
0	0.8867924528301887	0.8980891719745223	0.8924050632911392	157.0
1	0.7142857142857143	0.6896551724137931	0.7017543859649122	58.0
accuracy	0.8418604651162791	0.8418604651162791	0.8418604651162791	0.8418604651162791
macro avg	0.8005390835579516	0.7938721721941577	0.7970797246280257	215.0
weighted avg	0.8402557512693536	0.8418604651162791	0.840973717779878	215.0
