	0	1	accuracy	macro avg	weighted avg
precision	0.8089887640449438	0.7159090909090909	0.7627118644067796	0.7624489274770174	0.7669188552829764
recall	0.7422680412371134	0.7875	0.7627118644067796	0.7648840206185568	0.7627118644067796
f1-score	0.7741935483870968	0.7500000000000001	0.7627118644067796	0.7620967741935485	0.7632586112629852
support	97.0	80.0	0.7627118644067796	177.0	177.0
