	precision	recall	f1-score	support
0	0.8562874251497006	0.910828025477707	0.882716049382716	157.0
1	0.7083333333333334	0.5862068965517241	0.6415094339622641	58.0
accuracy	0.8232558139534883	0.8232558139534883	0.8232558139534883	0.8232558139534883
macro avg	0.7823103792415169	0.7485174610147156	0.76211274167249	215.0
weighted avg	0.8163742282876107	0.8232558139534883	0.8176463577809195	215.0
