	precision	recall	f1-score	support
0	0.8421052631578947	0.7619047619047619	0.8	126.0
1	0.6808510638297872	0.7804878048780488	0.7272727272727273	82.0
accuracy	0.7692307692307693	0.7692307692307693	0.7692307692307693	0.7692307692307693
macro avg	0.761478163493841	0.7711962833914053	0.7636363636363637	208.0
weighted avg	0.7785338961150831	0.7692307692307693	0.7713286713286713	208.0
