	precision	recall	f1-score	support
0	0.9150326797385621	0.89171974522293	0.9032258064516128	157.0
1	0.7258064516129032	0.7758620689655172	0.7500000000000001	58.0
accuracy	0.8604651162790697	0.8604651162790697	0.8604651162790697	0.8604651162790697
macro avg	0.8204195656757327	0.8337909070942235	0.8266129032258065	215.0
weighted avg	0.8639856042441982	0.8604651162790697	0.8618904726181544	215.0
