	0	1	accuracy	macro avg	weighted avg
precision	0.8701298701298701	0.7	0.7740112994350282	0.785064935064935	0.7932350135739966
recall	0.6907216494845361	0.875	0.7740112994350282	0.782860824742268	0.7740112994350282
f1-score	0.7701149425287357	0.7777777777777777	0.7740112994350282	0.7739463601532567	0.7735783708898847
support	97.0	80.0	0.7740112994350282	177.0	177.0
