	precision	recall	f1-score	support
0	0.9285714285714286	0.8280254777070064	0.8754208754208754	157.0
1	0.64	0.8275862068965517	0.7218045112781956	58.0
accuracy	0.827906976744186	0.827906976744186	0.827906976744186	0.827906976744186
macro avg	0.7842857142857143	0.8278058423017791	0.7986126933495354	215.0
weighted avg	0.8507242524916944	0.827906976744186	0.8339801818381991	215.0
