	precision	recall	f1-score	support
0	0.8412698412698413	0.8412698412698413	0.8412698412698413	126.0
1	0.7560975609756098	0.7560975609756098	0.7560975609756099	82.0
accuracy	0.8076923076923077	0.8076923076923077	0.8076923076923077	0.8076923076923077
macro avg	0.7986837011227255	0.7986837011227255	0.7986837011227256	208.0
weighted avg	0.8076923076923077	0.8076923076923077	0.8076923076923077	208.0
