	precision	recall	f1-score	support
0	0.9259259259259259	0.7961783439490446	0.8561643835616438	157.0
1	0.6	0.8275862068965517	0.6956521739130435	58.0
accuracy	0.8046511627906977	0.8046511627906977	0.8046511627906977	0.8046511627906977
macro avg	0.762962962962963	0.8118822754227981	0.7759082787373437	215.0
weighted avg	0.8380017226528855	0.8046511627906977	0.8128634153773703	215.0
