	precision	recall	f1-score	support
0	0.9225352112676056	0.8343949044585988	0.8762541806020068	157.0
1	0.6438356164383562	0.8103448275862069	0.7175572519083969	58.0
accuracy	0.827906976744186	0.827906976744186	0.827906976744186	0.827906976744186
macro avg	0.7831854138529809	0.8223698660224028	0.7969057162552018	215.0
weighted avg	0.847351134522971	0.827906976744186	0.833442916117219	215.0
