	overall_f1	dev_accuracy	fm_f1	fm_precision	fm_recall	saho_f1	saho_precision	saho_recall	sc_f1	sc_precision	sc_recall	fm_accuracy
0	0.7039557815676121		0.7267465149410725	0.7734753550543024	0.7707478924584188	0.7679695513875754	0.7703529657477026	0.8125779191568666	0.6171512783741884	0.7703529657477026	0.8125779191568666	0.7450657894736842
1												
2												
3												
4												
5												
6												
7												
8												
9												
