	precision	recall	f1-score	support
0	0.8296296296296296	0.8888888888888888	0.8582375478927203	126.0
1	0.8082191780821918	0.7195121951219512	0.7612903225806452	82.0
accuracy	0.8221153846153846	0.8221153846153846	0.8221153846153846	0.8221153846153846
macro avg	0.8189244038559107	0.80420054200542	0.8097639352366828	208.0
weighted avg	0.8211889708465052	0.8221153846153846	0.8200179686831522	208.0
