	precision	recall	f1-score	support
0	0.8579881656804734	0.9235668789808917	0.8895705521472392	157.0
1	0.7391304347826086	0.5862068965517241	0.6538461538461539	58.0
accuracy	0.8325581395348837	0.8325581395348837	0.8325581395348837	0.8325581395348837
macro avg	0.798559300231541	0.754886887766308	0.7717083529966966	215.0
weighted avg	0.825924219670817	0.8325581395348837	0.8259797842334582	215.0
