	precision	recall	f1-score	support
0	0.7867647058823529	0.8492063492063492	0.8167938931297709	126.0
1	0.7361111111111112	0.6463414634146342	0.6883116883116882	82.0
accuracy	0.7692307692307693	0.7692307692307693	0.7692307692307693	0.7692307692307693
macro avg	0.761437908496732	0.7477739063104917	0.7525527907207296	208.0
weighted avg	0.7667955002513825	0.7692307692307693	0.766142254691873	208.0
