	precision	recall	f1-score	support
0	0.9054054054054054	0.8535031847133758	0.8786885245901639	157.0
1	0.6567164179104478	0.7586206896551724	0.7040000000000001	58.0
accuracy	0.827906976744186	0.827906976744186	0.827906976744186	0.827906976744186
macro avg	0.7810609116579266	0.8060619371842741	0.7913442622950819	215.0
weighted avg	0.8383172134300214	0.827906976744186	0.8315632481890964	215.0
