	0	1	accuracy	macro avg	weighted avg
precision	0.8428571428571429	0.6448598130841121	0.7231638418079096	0.7438584779706274	0.75336682431566
recall	0.6082474226804123	0.8625	0.7231638418079096	0.7353737113402061	0.7231638418079096
f1-score	0.7065868263473053	0.7379679144385026	0.7231638418079096	0.722277370392904	0.7207703689873944
support	97.0	80.0	0.7231638418079096	177.0	177.0
