	0	1	accuracy	macro avg	weighted avg
precision	0.88	0.696078431372549	0.7740112994350282	0.7880392156862746	0.7968716074000223
recall	0.6804123711340206	0.8875	0.7740112994350282	0.7839561855670103	0.7740112994350282
f1-score	0.7674418604651163	0.7802197802197801	0.7740112994350282	0.7738308203424482	0.7732171914276762
support	97.0	80.0	0.7740112994350282	177.0	177.0
