	precision	recall	f1-score	support
0	0.8129496402877698	0.8968253968253969	0.8528301886792453	126.0
1	0.8115942028985508	0.6829268292682927	0.7417218543046358	82.0
accuracy	0.8125	0.8125	0.8125	0.8125
macro avg	0.8122719215931603	0.7898761130468448	0.7972760214919405	208.0
weighted avg	0.8124152851631739	0.8125	0.8090278645507935	208.0
