	0	1	accuracy	macro avg	weighted avg
precision	0.8876404494382022	0.7954545454545454	0.8418079096045198	0.8415474974463738	0.8459745041348544
recall	0.8144329896907216	0.875	0.8418079096045198	0.8447164948453608	0.8418079096045198
f1-score	0.8494623655913978	0.8333333333333334	0.8418079096045198	0.8413978494623655	0.8421724075086569
support	97.0	80.0	0.8418079096045198	177.0	177.0
