	0	1	accuracy	macro avg	weighted avg
precision	0.8181818181818182	0.7948717948717948	0.807909604519774	0.8065268065268065	0.8076462144258755
recall	0.8350515463917526	0.775	0.807909604519774	0.8050257731958763	0.807909604519774
f1-score	0.826530612244898	0.7848101265822786	0.807909604519774	0.8056703694135883	0.8076738955612282
support	97.0	80.0	0.807909604519774	177.0	177.0
