	precision	recall	f1-score	support
0	0.7329192546583851	0.9365079365079365	0.8222996515679443	126.0
1	0.8297872340425532	0.47560975609756095	0.6046511627906976	82.0
accuracy	0.7548076923076923	0.7548076923076923	0.7548076923076923	0.7548076923076923
macro avg	0.7813532443504692	0.7060588463027487	0.713475407179321	208.0
weighted avg	0.771107592684836	0.7548076923076923	0.7364959204153758	208.0
