	0	1	accuracy	macro avg	weighted avg
precision	0.9016393442622951	0.6379310344827587	0.7288135593220338	0.7697851893725269	0.7824491477517702
recall	0.5670103092783505	0.925	0.7288135593220338	0.7460051546391753	0.7288135593220338
f1-score	0.6962025316455697	0.7551020408163266	0.7288135593220338	0.7256522862309481	0.7228237787283976
support	97.0	80.0	0.7288135593220338	177.0	177.0
