	precision	recall	f1-score	support
0	0.7943262411347518	0.8888888888888888	0.8389513108614233	126.0
1	0.7910447761194029	0.6463414634146342	0.7114093959731543	82.0
accuracy	0.7932692307692307	0.7932692307692307	0.7932692307692307	0.7932692307692307
macro avg	0.7926855086270774	0.7676151761517616	0.7751803534172887	208.0
weighted avg	0.793032586657547	0.7932692307692307	0.7886703636458557	208.0
