	precision	recall	f1-score	support
0	0.8267716535433071	0.8333333333333334	0.8300395256916996	126.0
1	0.7407407407407407	0.7317073170731707	0.7361963190184049	82.0
accuracy	0.7932692307692307	0.7932692307692307	0.7932692307692307	0.7932692307692307
macro avg	0.7837561971420239	0.782520325203252	0.7831179223550522	208.0
weighted avg	0.7928556206115261	0.7932692307692307	0.7930436461378044	208.0
