	precision	recall	f1-score	support
0	0.8554216867469879	0.9044585987261147	0.8792569659442724	157.0
1	0.6938775510204082	0.5862068965517241	0.6355140186915887	58.0
accuracy	0.8186046511627907	0.8186046511627907	0.8186046511627907	0.8186046511627907
macro avg	0.774649618883698	0.7453327476389193	0.7573854923179306	215.0
weighted avg	0.8118423385044687	0.8186046511627907	0.8135030545923856	215.0
