	precision	recall	f1-score	support
0	0.89375	0.910828025477707	0.9022082018927445	157.0
1	0.7454545454545455	0.7068965517241379	0.7256637168141592	58.0
accuracy	0.8558139534883721	0.8558139534883721	0.8558139534883721	0.8558139534883721
macro avg	0.8196022727272727	0.8088622886009225	0.8139359593534519	215.0
weighted avg	0.8537447145877377	0.8558139534883721	0.8545822477785215	215.0
