	precision	recall	f1-score	support
0	0.8930817610062893	0.9044585987261147	0.8987341772151899	157.0
1	0.7321428571428571	0.7068965517241379	0.719298245614035	58.0
accuracy	0.8511627906976744	0.8511627906976744	0.8511627906976744	0.8511627906976744
macro avg	0.8126123090745732	0.8056775752251263	0.8090162114146124	215.0
weighted avg	0.8496656846152238	0.8511627906976744	0.850328204969297	215.0
