	0	1	accuracy	macro avg	weighted avg
precision	0.84375	0.8024691358024691	0.8248587570621468	0.8231095679012346	0.8250919822836018
recall	0.8350515463917526	0.8125	0.8248587570621468	0.8237757731958764	0.8248587570621468
f1-score	0.8393782383419689	0.8074534161490683	0.8248587570621468	0.8234158272455185	0.8249489401756861
support	97.0	80.0	0.8248587570621468	177.0	177.0
