	0	1	accuracy	macro avg	weighted avg
precision	0.9180327868852459	0.646551724137931	0.7401129943502824	0.7822922555115885	0.7953294816887194
recall	0.5773195876288659	0.9375	0.7401129943502824	0.757409793814433	0.7401129943502824
f1-score	0.7088607594936709	0.7653061224489797	0.7401129943502824	0.7370834409713253	0.7343727879480476
support	97.0	80.0	0.7401129943502824	177.0	177.0
