	precision	recall	f1-score	support
0	0.7215189873417721	0.9047619047619048	0.8028169014084506	126.0
1	0.76	0.4634146341463415	0.5757575757575758	82.0
accuracy	0.7307692307692307	0.7307692307692307	0.7307692307692307	0.7307692307692307
macro avg	0.7407594936708861	0.6840882694541232	0.6892872385830132	208.0
weighted avg	0.7366893865628042	0.7307692307692307	0.7133031287960866	208.0
