	0	1	accuracy	macro avg	weighted avg
precision	0.7741935483870968	0.7023809523809523	0.7401129943502824	0.7382872503840245	0.7417358778758449
recall	0.7422680412371134	0.7375	0.7401129943502824	0.7398840206185567	0.7401129943502824
f1-score	0.7578947368421053	0.7195121951219512	0.7401129943502824	0.7387034659820282	0.7405466953866684
support	97.0	80.0	0.7401129943502824	177.0	177.0
