	precision	recall	f1-score	support
0	0.8681318681318682	0.626984126984127	0.728110599078341	126.0
1	0.5982905982905983	0.8536585365853658	0.7035175879396985	82.0
accuracy	0.7163461538461539	0.7163461538461539	0.7163461538461539	0.7163461538461539
macro avg	0.7332112332112333	0.7403213317847464	0.7158140935090198	208.0
weighted avg	0.7617521367521368	0.7163461538461539	0.7184152773794531	208.0
