	precision	recall	f1-score	support
0	0.8195488721804511	0.8650793650793651	0.8416988416988417	126.0
1	0.7733333333333333	0.7073170731707317	0.7388535031847134	82.0
accuracy	0.8028846153846154	0.8028846153846154	0.8028846153846154	0.8028846153846154
macro avg	0.7964411027568923	0.7861982191250484	0.7902761724417775	208.0
weighted avg	0.8013292847503374	0.8028846153846154	0.801154044784618	208.0
