	precision	recall	f1-score	support
0	0.7941176470588235	0.8571428571428571	0.8244274809160305	126.0
1	0.75	0.6585365853658537	0.7012987012987012	82.0
accuracy	0.7788461538461539	0.7788461538461539	0.7788461538461539	0.7788461538461539
macro avg	0.7720588235294117	0.7578397212543554	0.7628630911073658	208.0
weighted avg	0.776725113122172	0.7788461538461539	0.7758863274130449	208.0
