	bert-base-uncased	roberta-base
0	[0.7809523809523807, 0.8162964228753701, 0.8162964228753701]	[0.7707478924584188, 0.8125779191568666, 0.8125779191568666]
1		
2		
3		
4		
