	bert-base-uncased	roberta-base
0	[0.7695980962621828, 0.7803338555782746, 0.7241954210220465]	[0.7267465149410725, 0.7679695513875754, 0.6171512783741884]
1		
2		
3		
4		
