	bert-base-uncased	roberta-base
0	0.8020833333333334	0.7839912280701755
1		
2		
3		
4		
