	bert-base-uncased	roberta-base
0	0.7580424576208347	0.7039557815676121
1		
2		
3		
4		
