	bert-base-uncased	roberta-base
0	[0.7457811194653301, 0.7664673046251993, 0.7664673046251993]	[0.6924498746867168, 0.6859421280473913, 0.6859421280473913]
1		
2		
3		
4		
