	bert-base-uncased	roberta-base
0	[0.7233193792791317, 0.7493115789645748, 0.8089541345081512]	[0.6551964737234414, 0.6673766632374258, 0.7921946560491453]
1		
2		
3		
4		
