	bert-base-uncased	roberta-base
0	[0.748765854029012, 0.7728525860104807, 0.7728525860104807]	[0.710788334472545, 0.7155860221649695, 0.7155860221649695]
1		
2		
3		
4		
