	bert-base-uncased	roberta-base
0	[0.7727548036758561, 0.800508847877269, 0.800508847877269]	[0.7734753550543024, 0.7703529657477026, 0.7703529657477026]
1		
2		
3		
4		
