	bert-base-uncased	roberta-base
0	0.7927631578947368	0.7450657894736842
1		
2		
3		
4		
