	bert-base-uncased	roberta-base
0	0.7605283642506191	0.7049225976700042
1		
2		
3		
4		
