	precision	recall	f1-score	support
0	0.8290598290598291	0.7698412698412699	0.7983539094650206	126.0
1	0.6813186813186813	0.7560975609756098	0.7167630057803469	82.0
accuracy	0.7644230769230769	0.7644230769230769	0.7644230769230769	0.7644230769230769
macro avg	0.7551892551892552	0.7629694154084399	0.7575584576226837	208.0
weighted avg	0.7708157227387997	0.7644230769230769	0.7661882647431781	208.0
