	precision	recall	f1-score	support
0	0.9402985074626866	0.802547770700637	0.865979381443299	157.0
1	0.6172839506172839	0.8620689655172413	0.7194244604316548	58.0
accuracy	0.8186046511627907	0.8186046511627907	0.8186046511627907	0.8186046511627907
macro avg	0.7787912290399852	0.8323083681089392	0.7927019209374768	215.0
weighted avg	0.8531596967788105	0.8186046511627907	0.8264436353099253	215.0
