	precision	recall	f1-score	support
0	0.8947368421052632	0.8662420382165605	0.8802588996763755	157.0
1	0.6666666666666666	0.7241379310344828	0.6942148760330579	58.0
accuracy	0.827906976744186	0.827906976744186	0.827906976744186	0.827906976744186
macro avg	0.7807017543859649	0.7951899846255217	0.7872368878547167	215.0
weighted avg	0.8332109343125255	0.827906976744186	0.8300702793446898	215.0
