	precision	recall	f1-score	support
0	0.8896103896103896	0.8726114649681529	0.8810289389067525	157.0
1	0.6721311475409836	0.7068965517241379	0.6890756302521007	58.0
accuracy	0.827906976744186	0.827906976744186	0.827906976744186	0.827906976744186
macro avg	0.7808707685756866	0.7897540083461454	0.7850522845794266	215.0
weighted avg	0.8309415708195731	0.827906976744186	0.8292461858743347	215.0
