	0	1	accuracy	macro avg	weighted avg
precision	0.8313253012048193	0.7021276595744681	0.7627118644067796	0.7667264803896436	0.7729308869086153
recall	0.711340206185567	0.825	0.7627118644067796	0.7681701030927834	0.7627118644067796
f1-score	0.7666666666666667	0.7586206896551724	0.7627118644067796	0.7626436781609196	0.7630300668874602
support	97.0	80.0	0.7627118644067796	177.0	177.0
