	precision	recall	f1-score	support
0	0.8853503184713376	0.8853503184713376	0.8853503184713376	157.0
1	0.6896551724137931	0.6896551724137931	0.6896551724137931	58.0
accuracy	0.8325581395348837	0.8325581395348837	0.8325581395348837	0.8325581395348837
macro avg	0.7875027454425654	0.7875027454425654	0.7875027454425654	215.0
weighted avg	0.8325581395348837	0.8325581395348837	0.8325581395348837	215.0
