	bert-base-uncased	roberta-base
0	[0.7769841269841271, 0.8073941409467726, 0.8073941409467726]	[0.7963345864661655, 0.8104213038423564, 0.8104213038423564]
1	[0.7510997043891782, 0.7813838573706995, 0.7813838573706995]	[0.780479608111187, 0.7478573327257537, 0.7478573327257537]
2	[0.7948934837092733, 0.7337918660287083, 0.7337918660287083]	[0.7640873015873016, 0.7888599339257234, 0.7888599339257234]
3	[0.7789350269613426, 0.7810388441967391, 0.7810388441967391]	[0.7664758487126908, 0.8491959064327486, 0.8491959064327486]
4	[0.7904856839067367, 0.7708637123110806, 0.7708637123110806]	[0.8273790536948432, 0.7487846218109376, 0.7487846218109376]
