	bert-base-uncased	roberta-base
0	[0.7641547779705676, 0.7593738133211819, 0.7593738133211819]	[0.7988304093567251, 0.7494849448796819, 0.7494849448796819]
1	[0.7810776942355889, 0.738289634342266, 0.738289634342266]	[0.7447890559732667, 0.7962273107009948, 0.7962273107009948]
2		
3		
4		
