	bert-base-uncased	roberta-base
0	[0.7831179223550522, 0.8090162114146124, 0.813344837503595]	[0.7860682561944834, 0.8157018959257766, 0.7107843137254901]
1	[0.7317350732114407, 0.769827261942652, 0.7853038815117467]	[0.7689052785854431, 0.7960151802656547, 0.7614249037227214]
2		
3		
4		
