	bert-base-uncased	roberta-base
0	0.8114035087719298	0.8108552631578947
1	0.8273026315789473	0.8103070175438597
2	0.8278508771929824	0.7933114035087719
3	0.8196271929824561	0.8004385964912281
4	0.8163377192982456	0.8174342105263158
