	bert-base-uncased	roberta-base
0	0.7573672927685475	0.7548248512514617
1	0.771570463254511	0.754600366257893
2		
3		
4		
