	bert-base-uncased	roberta-base
0	0.7652781474917698	0.77051859283813
1	0.7546884885728768	0.7714776425896963
2	0.7812483864516793	0.7879644274436306
3	0.7704694527103684	0.76905000926191
4	0.7887388984891837	0.7634301972668333
