	bert-base-uncased	roberta-base
0	0.8103070175438597	0.8031798245614035
1	0.7911184210526315	0.8152412280701755
2	0.818530701754386	0.8207236842105263
3	0.8103070175438597	0.8037280701754387
4	0.8294956140350876	0.7982456140350876
