	bert-base-uncased	roberta-base
0	0.8018263237577532	0.77085148861525
1	0.762288738888613	0.7754484541912731
2		
3		
4		
