	bert-base-uncased	roberta-base
0	[0.7430179040086162, 0.7350317288128924, 0.7940522454841341]	[0.774443234150746, 0.7383005941887033, 0.751730725414936]
1	[0.7706723359200139, 0.7126803540637663, 0.8313586997797525]	[0.7289997283418338, 0.768952672346305, 0.7658486980855403]
2		
3		
4		
