	bert-base-uncased	roberta-base
0	[0.7575994911521228, 0.7357252396726081, 0.8109649122807019]	[0.8022034252297411, 0.7534477218687745, 0.8121202627781576]
1	[0.7786895122421439, 0.7175967307546255, 0.8458646616541354]	[0.7675201260727578, 0.7820593149540519, 0.8005116959064328]
2		
3		
4		
