	bert-base-uncased	roberta-base
0	0.8053728070175439	0.8004385964912281
1	0.8125	0.8037280701754387
2		
3		
4		
