	bert-base-uncased	roberta-base
0	0.819078947368421	0.7889254385964912
1	0.7894736842105263	0.7905701754385965
2		
3		
4		
