	0	1	accuracy	macro avg	weighted avg
precision	0.8805970149253731	0.6545454545454545	0.7401129943502824	0.7675712347354138	0.778426818143489
recall	0.6082474226804123	0.9	0.7401129943502824	0.7541237113402062	0.7401129943502824
f1-score	0.7195121951219511	0.7578947368421052	0.7401129943502824	0.7387034659820282	0.736860236577388
support	97.0	80.0	0.7401129943502824	177.0	177.0
