	0	1	accuracy	macro avg	weighted avg
precision	0.9080459770114943	0.8	0.8531073446327684	0.8540229885057471	0.8592116371192935
recall	0.8144329896907216	0.9	0.8531073446327684	0.8572164948453609	0.8531073446327684
f1-score	0.8586956521739131	0.8470588235294118	0.8531073446327684	0.8528772378516625	0.8534360686057768
support	97.0	80.0	0.8531073446327684	177.0	177.0
