	0	1	accuracy	macro avg	weighted avg
precision	0.8191489361702128	0.7590361445783133	0.7909604519774012	0.789092540374263	0.7919793128518402
recall	0.7938144329896907	0.7875	0.7909604519774012	0.7906572164948453	0.7909604519774012
f1-score	0.806282722513089	0.7730061349693251	0.7909604519774012	0.789644428741207	0.7912424569565857
support	97.0	80.0	0.7909604519774012	177.0	177.0
