	0	1	accuracy	macro avg	weighted avg
precision	0.83	0.8181818181818182	0.8248587570621468	0.8240909090909091	0.8246584488957369
recall	0.8556701030927835	0.7875	0.8248587570621468	0.8215850515463917	0.8248587570621468
f1-score	0.8426395939086294	0.8025477707006369	0.8248587570621468	0.8225936823046331	0.8245189958485197
support	97.0	80.0	0.8248587570621468	177.0	177.0
