	precision	recall	f1-score	support
0	0.8244274809160306	0.8571428571428571	0.8404669260700388	126.0
1	0.7662337662337663	0.7195121951219512	0.7421383647798743	82.0
accuracy	0.8028846153846154	0.8028846153846154	0.8028846153846154	0.8028846153846154
macro avg	0.7953306235748985	0.7883275261324041	0.7913026454249565	208.0
weighted avg	0.8014857280124457	0.8028846153846154	0.8017027817152624	208.0
