	precision	recall	f1-score	support
0	0.8389830508474576	0.7857142857142857	0.8114754098360656	126.0
1	0.7	0.7682926829268293	0.7325581395348836	82.0
accuracy	0.7788461538461539	0.7788461538461539	0.7788461538461539	0.7788461538461539
macro avg	0.7694915254237288	0.7770034843205575	0.7720167746854746	208.0
weighted avg	0.7841916558018253	0.7788461538461539	0.7803637936596381	208.0
