	precision	recall	f1-score	support
0	0.8495575221238938	0.7619047619047619	0.803347280334728	126.0
1	0.6842105263157895	0.7926829268292683	0.7344632768361581	82.0
accuracy	0.7740384615384616	0.7740384615384616	0.7740384615384616	0.7740384615384616
macro avg	0.7668840242198416	0.7772938443670151	0.7689052785854431	208.0
weighted avg	0.7843726487764682	0.7740384615384616	0.7761910866477918	208.0
