	precision	recall	f1-score	support
0	0.8076923076923077	0.8333333333333334	0.8203125000000001	126.0
1	0.7307692307692307	0.6951219512195121	0.7125	82.0
accuracy	0.7788461538461539	0.7788461538461539	0.7788461538461539	0.7788461538461539
macro avg	0.7692307692307692	0.7642276422764227	0.7664062500000001	208.0
weighted avg	0.7773668639053254	0.7788461538461539	0.7778094951923078	208.0
