	precision	recall	f1-score	support
0	0.8278688524590164	0.8015873015873016	0.814516129032258	126.0
1	0.7093023255813954	0.7439024390243902	0.7261904761904763	82.0
accuracy	0.7788461538461539	0.7788461538461539	0.7788461538461539	0.7788461538461539
macro avg	0.7685855890202059	0.7727448703058459	0.7703533026113671	208.0
weighted avg	0.7811262793630311	0.7788461538461539	0.7796954389696324	208.0
