	precision	recall	f1-score	support
0	0.7622377622377622	0.8650793650793651	0.8104089219330856	126.0
1	0.7384615384615385	0.5853658536585366	0.6530612244897959	82.0
accuracy	0.7548076923076923	0.7548076923076923	0.7548076923076923	0.7548076923076923
macro avg	0.7503496503496503	0.7252226093689509	0.7317350732114407	208.0
weighted avg	0.7528644432490587	0.7548076923076923	0.7483776181333271	208.0
