	0	1	accuracy	macro avg	weighted avg
precision	0.8837209302325582	0.7692307692307693	0.8248587570621468	0.8264758497316638	0.8319739648080209
recall	0.7835051546391752	0.875	0.8248587570621468	0.8292525773195876	0.8248587570621468
f1-score	0.8306010928961748	0.8187134502923977	0.8248587570621468	0.8246572715942863	0.8252281470865579
support	97.0	80.0	0.8248587570621468	177.0	177.0
