	0	1	accuracy	macro avg	weighted avg
precision	0.9411764705882353	0.6111111111111112	0.7062146892655368	0.7761437908496732	0.7919943872087443
recall	0.4948453608247423	0.9625	0.7062146892655368	0.7286726804123711	0.7062146892655368
f1-score	0.6486486486486487	0.7475728155339806	0.7062146892655368	0.6981107320913147	0.6933601365064258
support	97.0	80.0	0.7062146892655368	177.0	177.0
