	precision	recall	f1-score	support
0	0.8986486486486487	0.8471337579617835	0.8721311475409836	157.0
1	0.6417910447761194	0.7413793103448276	0.688	58.0
accuracy	0.8186046511627907	0.8186046511627907	0.8186046511627907	0.8186046511627907
macro avg	0.770219846712384	0.7942565341533055	0.7800655737704918	215.0
weighted avg	0.8293568299295477	0.8186046511627907	0.8224585589020206	215.0
