	precision	recall	f1-score	support
0	0.9432624113475178	0.8471337579617835	0.8926174496644297	157.0
1	0.6756756756756757	0.8620689655172413	0.7575757575757576	58.0
accuracy	0.8511627906976744	0.8511627906976744	0.8511627906976744	0.8511627906976744
macro avg	0.8094690435115968	0.8546013617395124	0.8250966036200936	215.0
weighted avg	0.8710762221895325	0.8511627906976744	0.85618759784516	215.0
