	precision	recall	f1-score	support
0	0.8738738738738738	0.7698412698412699	0.818565400843882	126.0
1	0.7010309278350515	0.8292682926829268	0.759776536312849	82.0
accuracy	0.7932692307692307	0.7932692307692307	0.7932692307692307	0.7932692307692307
macro avg	0.7874524008544627	0.7995547812620983	0.7891709685783654	208.0
weighted avg	0.8057338663008765	0.7932692307692307	0.7953890215576094	208.0
