	precision	recall	f1-score	support
0	0.7631578947368421	0.9206349206349206	0.8345323741007195	126.0
1	0.8214285714285714	0.5609756097560976	0.6666666666666667	82.0
accuracy	0.7788461538461539	0.7788461538461539	0.7788461538461539	0.7788461538461539
macro avg	0.7922932330827068	0.740805265195509	0.750599520383693	208.0
weighted avg	0.78612998843262	0.7788461538461539	0.7683545471315256	208.0
