	0	1	accuracy	macro avg	weighted avg
precision	0.8037383177570093	0.8428571428571429	0.8192090395480226	0.8232977303070761	0.8214191426610244
recall	0.8865979381443299	0.7375	0.8192090395480226	0.812048969072165	0.8192090395480226
f1-score	0.8431372549019608	0.7866666666666667	0.8192090395480226	0.8149019607843138	0.8176138251910934
support	97.0	80.0	0.8192090395480226	177.0	177.0
